Date,Location,Artist,Venue,Lineup,Gear Notes,Link
2021-09-22,"Davenport, IA","Liam Kazar, Case Oats",Raccoon Motel,"Liam Kazar, Case Oats",Red Onyx Slingerland
2021-09-23,"Kansas City, MO",Liam Kazar,Lemonade Park,"Shy Boys, Liam Kazar, Paris Williams",Red Onyx Slingerland
2021-09-24,"Des Moines, IA",Liam Kazar,Gas Lamp,"Thelma and the Sleeze, Liam Kazar, Karen Meat",Red Onyx Slingerland
2021-09-25,"St. Paul, MN",Liam Kazar,Turf Club,"Liam Kazar, Loud Sun, Al Church",Red Onyx Slingerland
2021-09-26,"Milwaukee, WI",Liam Kazar,Colectivo Back Room,"Deeper/Ohmme, Liam Kazar",Deeper's drums (super kind Shiraz's) with super floppy bass drum
2021-10-01,"Chicago, IL",Case Oats,Golden Dagger,"Case Oats, Rat Tally",Red Onyx Slingerland
2021-10-02,"Dallas, TX",Ohmme,Double Wide,"Deeper/Ohmme, Nicole Marxen",Deeper drums + my C&C gold sparkle snare
2021-10-03,"Houston, TX",Ohmme,Satellite Bar,"Deeper/Ohmme, Astragal","Astragal's ""George Bonham"" Ludwig, big dimensions, they were using a floor tom on a stand as a rack tom"
2021-10-04,"New Orleans, LA",Ohmme,Gasa Gasa,"Deeper/Ohmme, Cash Advance",Deeper drums + my C&C gold sparkle snare
2021-10-05,"Jackson, MS",Ohmme,Hal & Mal's,"Deeper/Ohmme, RCF",Deeper drums + my C&C gold sparkle snare
2021-10-06,"Memphis, TN",Ohmme,Hi-Tone Cafe,"Deeper/Ohmme, Sunweight",Deeper drums + my C&C gold sparkle snare
2021-10-07,"Nashville, TN",Ohmme,The End,"Deeper/Ohmme, Bats",Deeper drums + my C&C gold sparkle snare
2021-10-08,"St. Louis, MO",Ohmme,Off Broadway,Deeper/Ohmme,Deeper drums + my C&C gold sparkle snare
2021-10-09,"Chicago, IL",Liam Kazar,Thee Best Western Festival at Empty Bottle,"Ryley Walker, Liam Kazar, Hoyle Brothers, Tobacco City, Valebol",Red Onyx Slingerland
2021-10-20,"Chicago, IL",Sima Cunningham,Lincoln Hall,"Felice Brothers, Sima Cunningham, Al Olender",Felice Brothers' Slingerland frankenkit
2021-10-22,"Chicago, IL",Aux Thom,Christy Webber Farm & Garden,"Aux Thom, Scary Garcia, Clay Frank","Scary Garcia (Rookie, Joe Bordenaro)'s bizarre pointy-concert-bottom'ed Slingerland with chrome wrap. Sounded great!"
2021-10-24,"Cleveland, OH",Ohmme,Grog Shop,"Shannon and the Clams, Ohmme, The D-Rays",Shannon and the Clams' awful rented Guitar Center Pearl Export kit
2021-10-29,"Chicago, IL",Cosmic Country Showcase,Hideout,Lavender Country headliner,Red Onyx Slingerland
2021-10-30,"Chicago, IL",Cosmic Country Showcase,Hideout,Lavender Country headliner,Red Onyx Slingerland
2021-10-31,"Milwaukee, WI",Cosmic Country Showcase,Cactus Club,Lavender Country headliner,Red Onyx Slingerland
2021-11-18,"Chicago, IL",Case Oats,Hideout,"Charlotte Cornfield, Case Oats",Red Onyx Slingerland
2021-11-19,"Chicago, IL",Kelly Hogan,Thalia Hall,"Mavis Staples, Kelly Hogan","Rented SIR Ludwig, blue sparkle, big dimensions"
2021-11-20,"Berwyn, IL",Kelly Hogan,Fitzgerald's,"Mavis Staples, Kelly Hogan",Rented Ludwig Centennial
2021-12-14,"Milwaukee, WI",Liam Kazar,Cactus Club,"Liam Kazar, Dusk",Red Onyx Slingerland
2021-12-22,"Chicago, IL",Jeff Tweedy,Metro,"Jeff Tweedy, Tenci",Root beer candy Gretsch
2021-12-23,"Chicago, IL",Jeff Tweedy,Metro,"Jeff Tweedy, Tenci",Root beer candy Gretsch
2022-01-18,"Riviera Maya, Mexico",Ohmme,Sky Blue Sky Festival,Sky Blue Sky Festival,Rented C&C
2022-01-19,"Riviera Maya, Mexico",Jeff Tweedy,Sky Blue Sky Festival,Sky Blue Sky Festival,Rented C&C
2022-02-02,"Chicago, IL","Andrew Sa, Kelly Hogan",Golden Dagger,"Andrew Sa, Kelly Hogan",Red Onyx Slingerland
2022-02-07,"Chicago, IL",Ripley,Schubas,"Jaewon, Ripley, Kasia",Jaewon's drummer Eric's slick Pearl Masters gold sparkle
2022-02-08,"Chicago, IL",Lucky Cloud,Sleeping Village,"Lucky Cloud, Sleepy Gaucho, Alayne Mae (sp)",Red Onyx Slingerland
2022-02-09,"Milwaukee, WI",Cosmic Country Showcase,Cactus Club,"Sabine McCalla, Elizabeth Moen, Wyatt Waddell, Mary Willamson, Andrew Sa",Red Onyx Slingerland
2022-02-10,"Chicago, IL",Cosmic Country Showcase,Hideout,,Red Onyx Slingerland
2022-02-11,"Chicago, IL",Cosmic Country Showcase,Hideout,,Red Onyx Slingerland
2022-02-12,"Madison, WI",Liam Kazar,UW Madison,"Liam Kazar, EMTN (?)",Opener's drums
2022-02-21,"San Francisco, CA",Jeff Tweedy,The Fillmore,"Jeff Tweedy, Mark Eitzel",Tweedy C&C
2022-02-22,"San Francisco, CA",Jeff Tweedy,The Fillmore,"Jeff Tweedy, Mark Eitzel",Tweedy C&C
2022-02-24,"Los Angeles, CA",Jeff Tweedy,Largo,"Jeff Tweedy, Pete Holmes",Tweedy C&C
2022-02-25,"Los Angeles, CA",Jeff Tweedy,Largo,"Jeff Tweedy, Nick Offerman",Tweedy C&C
2022-02-26,"Chicago, IL",Liam Kazar,Metro,"Liam Kazar, Lake James, Wyatt Waddell",Red Onyx Slingerland
2022-03-03,"Columbia, MO",Liam Kazar,Missouri Theatre,True/False Festival,Red Onyx Slingerland
2022-03-04,"Columbia, MO","Liam Kazar, Case Oats",Cafe Berlin,"Liam Kazar, Little Mazarin, Case Oats",Red Onyx Slingerland
2022-03-05,"Columbia, MO",Spencer and Sammy Tweedy,The Sanctuary at First Presbyterian Church,"Living Hour, Spencer & Sammy Tweedy, Rae Fitzgerald, Lucas Oswald",Red Onyx Slingerland
2022-03-05,"Columbia, MO",Case Oats,Picturehouse,True/False Festival,Avocado green Gibson J-45
2022-03-05,"Columbia, MO",Case Oats,Picturehouse ,True/False Festival,Avocado green Gibson J-45
2022-03-06,"Columbia, MO",Spencer and Sammy Tweedy,Blue Note,True/False Festival,Red Onyx Slingerland
2022-03-06,"Columbia, MO",Spencer and Sammy Tweedy,Blue Note,True/False Festival,Red Onyx Slingerland
2022-03-09,"Chicago, IL",Ripley,Sleeping Village,"Ripley, Creature Fight, Kasia",Red Onyx Slingerland
2022-03-16,"Austin, TX",Liam Kazar,Spider House Ballroom,SXSW,Sonor Vintage series back line
2022-03-16,"Austin, TX",Liam Kazar,High Noon Saloon,SXSW,Unknown back line
2022-03-17,"Austin, TX",Liam Kazar,Wax Myrtles,SXSW,Gretsch back line 
2022-03-18,"Austin, TX",Andrew Sa,Spider House Ballroom,SXSW,Unknown borrowed kit
2022-03-19,"Austin, TX",Liam Kazar,Spider House Ballroom,SXSW,Unknown borrowed kit
2022-03-19,"Austin, TX",Liam Kazar,Adam Ostrar's House Party,SXSW,Red Onyx Slingerland (pared down)
2022-03-19,"Austin, TX",Liam Kazar,Lambert's BBQ,SXSW,Unknown back line
2022-03-20,"Dallas, TX",Liam Kazar,New New Festival,Festival,Unknown back line
2022-03-21,"Houston, TX",Liam Kazar,White Oak Music Hall,"Liam Kazar, Minor Moon",Red Onyx Slingerland
2022-03-22,"New Orleans, LA",Liam Kazar,Gasa Gasa,"Liam Kazar, Minor Moon",Red Onyx Slingerland
2022-03-24,"Atlanta, GA",Liam Kazar,Eddie's Attic,Liam Kazar (evening with),Red Onyx Slingerland
2022-03-27,"Richmond, VA",Liam Kazar,The Camel,"Liam Kazar, Abby Huston, Night Idea",Red Onyx Slingerland
2022-03-28,"Baltimore, MD",Liam Kazar,Ottobar,"Liam Kazar and there was a solo opener whose name I forgot, maybe also a second support",Red Onyx Slingerland
2022-03-29,"Washington, DC",Liam Kazar,DC9,Liam Kazar (no opener?),Red Onyx Slingerland
2022-03-30,"New York, NY",Liam Kazar,TV Eye,"Liam Kazar, Sweepea, Bill Waters ",House kit with my orange Acrolyte
2022-03-31,"Philadelphia, PA",Liam Kazar,Silk City Diner,"Liam Kazar, Good Things Take Time",Red Onyx Slingerland
2022-04-02,"Cincinnati, OH",Liam Kazar,MOTR Pub,"The Yugos, Spoils, Liam Kazar, Brad Goodall",Red Onyx Slingerland
2022-04-03,"Bloomington, IN",Liam Kazar,The Bishop,"Liam Kazar, Free Range",Red Onyx Slingerland
2022-04-09,"Chicago, IL","Madeleine Kelson, Alaina Stacey",Martyrs,"Madeleine Kelson, Alaina Stacy, Carleton Koldyke",House kit with my orange Acrolyte
2022-04-15,"Chicago, IL",Ripley,Gman Tavern,"Aunt Kelly, Ripley, The Dearlys",Sarah Weddle's vintage Ludwig with my orange Acrolyte
2022-04-16,"Chicago, IL",Lucky Cloud,Lincoln Hall,"Elizabeth Moen, Lucky Cloud","Liz's drummer David's cool Mapex orange kit, with my orange Acrolyte"
2022-05-06,"Denver, CO",Liam Kazar,Bluebird Theater,"Fruit Bats, Liam Kazar",Backline blue sparkle vintage Ludwig
2022-05-07,"Denver, CO",Liam Kazar,Bluebird Theater,"Fruit Bats, Liam Kazar",Backline blue sparkle vintage Ludwig
2022-05-12,"Chicago, IL",Liam Kazar,Hideout,"Sam Evian, Liam Kazar",Red Onyx Slingerland
2022-05-27,"North Adams, MA",Ohmme,MASS MoCA,Solid Sound,Orange Acrolyte snare
2022-05-28,"North Adams, MA",Liam Kazar,MASS MoCA,Solid Sound,Red Onyx Slingerland
2022-05-28,"North Adams, MA",Mirror Sound,MASS MoCA,Solid Sound,Red Onyx Slingerland
2022-05-29,"North Adams, MA",Jeff Tweedy,MASS MoCA,Solid Sound,Tweedy C&C
2022-05-29,"North Adams, MA",Liam Kazar,MASS MoCA,Solid Sound,Red Onyx Slingerland
2022-05-29,"North Adams, MA",Sam Evian,MASS MoCA,Solid Sound,A cymbal and orange Acrolyte snare
2022-05-31,"Winooski, VT",Liam Kazar,Monkey House,"Liam Kazar, Bear's Tapestry",Bear's Tapestry's Starclassic drums
2022-06-01,"Kingston, NY",Liam Kazar,Tubby's,"Liam Kazar, Hannah Cohen and Sam Evian",Red Onyx Slingerland
2022-06-02,"Troy, NY",Liam Kazar,Hangar on the Hudson,"Liam Kazar, The Greetings",Red Onyx Slingerland
2022-06-03,"New Haven, CT",Liam Kazar,Cafe Nine,"Liam Kazar, SG Carlson",Red Onyx Slingerland
2022-06-05,"Buffalo, NY",Liam Kazar,Buffalo Iron Works,Liam Kazar (no opener),Red Onyx Slingerland
2022-06-06,"Detroit, MI",Liam Kazar,UFO Factory,"Liam Kazar, Rachele Eve",Red Onyx Slingerland
2022-06-11,"Chicago, IL",Sima Cunningham,Green Mill,Paper Machete,"Red Onyx Slingerland bass drum, orange Acrolyte snare, house toms and hardware"
2022-06-11,"Chicago, IL",Sima Cunningham,Hungry Brain,Sima Cunningham,House kit with my orange Acrolyte
2022-06-12,"Chicago, IL",Case Oats,Eli's house,Case Oats,Epiphone Cortez
2022-06-23,"Chicago, IL",Ripley,Gman Tavern,"Honey Cellar, Ripley, Ester",Joey from Honey Cellar's mix of vintage and modern Ludwigs
2022-06-25,"Chicago, IL",Sammy and Spencer Tweedy,Mu Gallery,"BSA Gold, Sammy & Spencer Tweedy",Red Onyx Slingerland
2022-07-21,"Chicago, IL",Jeff Tweedy,Pritzker Pavilion,"Jeff Tweedy, People's Music School",Tweedy C&C
2022-07-22,"Chicago, IL",Lucky Cloud,Golden Dagger,"Alayne May, Morinda, Lucky Cloud","Seth Engel's kit (Tama?), orange Acrolyte"
2022-07-23,"Chicago, IL",Joan Shelley,Old Town School of Folk Music,"Joan Shelley, Health and Beauty",Red Onyx Slingerland
2022-07-24,"Chicago, IL",Dougie Poole,Judson & Moore Distillery,Cosmic Country Cookout,Red Onyx Slingerland
2022-07-29,"Albany, WI",Case Oats,Postock,Postock,Whitehall
2022-07-29,"Albany, WI",Dida Pelled,Postock,Postock,Whitehall
2022-07-30,"Albany, WI",Aux Thom,Postock,Postock,Jack Henry kit
2022-07-30,"Albany, WI",Sima Cunningham,Postock,Postock,Jack Henry kit
2022-08-05,"Fishers, IN",Liam Kazar,Nickel Plate District Amphitheater,"Waxahatchee, Liam Kazar",Red Onyx Slingerland
2022-08-06,"Evanston, IL",Liam Kazar,Out of Space at Canal Shores Golf Course,"Lucinda Williams, Waxahatchee, Liam Kazar",Red Onyx Slingerland
2022-08-07,"Milwaukee, WI",Liam Kazar,Pabst Theater,"Waxahatchee, Liam Kazar",Red Onyx Slingerland
2022-08-12,"Green Lake, WI",Aux Thom,Avrom Farm Party,Avrom Farm Party,Whitehall with orange Acrolyte
2022-08-12,"Green Lake, WI",Sima Cunningham,Avrom Farm Party,Avrom Farm Party,Whitehall with orange Acrolyte
2022-08-13,"Green Lake, WI",Henry True,Avrom Farm Party,Avrom Farm Party,Whitehall with orange Acrolyte
2022-08-13,"Green Lake, WI",Sabine McCalla,Avrom Farm Party,Avrom Farm Party,Whitehall with orange Acrolyte
2022-08-19,"Chicago, IL",Lucky Cloud,Schubas,"Astrachan, Lucky Cloud, Pyzow","Astrachan kit, I think it was a Gretsch?"
2022-08-24,"Chicago, IL",Case Oats,The Giant Penny Whistle,"Cass Cwik, Tommy Goodroad, Case Oats","Alan from Cass's band's tiny jazz-y kit. Tiny kick drum, not very good-sounding on stage but great in the house."
2022-09-04,"Traverse City, MI",Finom,Iron Fish Distillery,All Call Music Festival,Backline Farmer nesting kit
2022-09-08,"Chicago, IL",Ripley,Hideout,"Mid-American Elevator, Ripley, Leah Jean","British Drum Co. headliner backline, with my orange Acrolyte"
2022-09-22,"Dubuque, IA",Case Oats,Fox Den Motel,"Case Oats, Trevor Sensor",Whitehall with orange Acrolyte
2022-09-23,"Lincoln, NE",Case Oats,Lincoln Calling Festival,Lincoln Calling Festival,Whitehall with orange Acrolyte
2022-09-24,"St. Louis, MO",Case Oats,Music Record Shop,"VV Lightbody, Case Oats, Ashley Byrne",Whitehall with orange Acrolyte
2022-09-25,"St. Louis, MO",Case Oats,Joe's Cafe,"Brothers Lazaroff, Case Oats",Whitehall with orange Acrolyte
2022-09-26,"Louisville, KY",Case Oats,Mag Bar,"Case Oats, Bats, Warner Brownfield, ""You Bred Raptors?""",Whitehall with orange Acrolyte
2022-09-27,"South Bend, IN",Case Oats,Stockroom East,"Joe Baughman and the Righteous Few, Case Oats, Bailey Williams",Whitehall with orange Acrolyte
2022-09-28,"Oberlin, OH",Finom,The Cat in the Cream,"Finom, Friko",Red Onyx Slingerland with orange Acrolyte
2022-09-29,"Philadelphia, PA",Finom,Johnny Brenda's,"Finom, mmeadows, Grocer",Red Onyx Slingerland with orange Acrolyte
2022-09-30,"Kingston, NY",Finom,Tubby's,"Finom, mmeadows",Red Onyx Slingerland with orange Acrolyte
2022-10-01,"New York, NY",Finom,TV Eye,"Finom, mmeadows, Emily Robb",Red Onyx Slingerland with orange Acrolyte
2022-10-02,"Washington, DC",Finom,Comet Ping Pong,"Finom, mmeadows, ""Yours, River""",Red Onyx Slingerland with orange Acrolyte
2022-10-03,"Columbia, SC",Finom,New Brookland Tavern,"Finom, mmeadows, Outerego",Red Onyx Slingerland with orange Acrolyte
2022-10-04,"Atlanta, GA",Finom,529,"Finom, mmeadows, Lowtown",Red Onyx Slingerland with orange Acrolyte
2022-10-05,"Knoxville, TN",Finom,The Pilot Light,"Finom, mmeadows, [plus 2 local bands]",Red Onyx Slingerland with orange Acrolyte
2022-10-06,"Nashville, TN",Finom,The Blue Room,"Finom, mmeadows, Joe Kenkel",Red Onyx Slingerland with orange Acrolyte
2022-10-08,"Chicago, IL",Finom,Thalia Hall,"The Regrettes, Finom, Child Seat",Red Onyx Slingerland with orange Acrolyte
2022-10-13,"Chicago, IL",Hayden Holbert and Lydia Nye,"Gossip Farm (Lydia's backyard, 1041 N California)","Morinda, Hayden & Lydia, Shoulderbrid, Henry True, Sarai's band, others",Red Onyx Slingerland with orange Acrolyte
2022-10-22,"Louisville, KY",Joan Shelley,St. Phillip Neri,"Joan Shelley, Giant Dunes",Red Onyx Slingerland with orange Acrolyte
2022-10-26,"Davenport, IA",Cosmic Country Showcase,Raccoon Motel,Cosmic Country Showcase,Red Onyx Slingerland with orange Acrolyte
2022-10-28,"Chicago, IL",Cosmic Country Showcase,Sleeping Village,Cosmic Country Showcase,Red Onyx Slingerland with orange Acrolyte
2022-10-29,"Chicago, IL",Cosmic Country Showcase,Sleeping Village,Cosmic Country Showcase,Red Onyx Slingerland with orange Acrolyte
2022-10-31,"Milwaukee, WI",Cosmic Country Showcase,Cactus Club,Cosmic Country Showcase,Red Onyx Slingerland with orange Acrolyte
2022-11-13,"San Francisco, CA",Jeff Tweedy,The Fillmore,Frank Riley surprise birthday party,"Pearl Export chrome belonging to Dean and Britta, with my Yamaha Oak Custom snare"
2022-12-01,"Seattle, WA",Liam Kazar,Sunset Tavern,"Liam Kazar, Fruit Juice",Whitehall (nested) with orange Acrolyte
2022-12-02,"Portland, OR",Liam Kazar,Aladdin Theater,"The New Pornographers, Liam Kazar",Whitehall (nested) with orange Acrolyte
2022-12-03,"Portland, OR",Liam Kazar,Aladdin Theater,"The New Pornographers, Liam Kazar",Whitehall (nested) with orange Acrolyte
2022-12-05,"San Francisco, CA",Liam Kazar,The Fillmore,"The New Pornographers, Liam Kazar",Whitehall (nested) with orange Acrolyte
2022-12-06,"San Francisco, CA",Liam Kazar,The Fillmore,"The New Pornographers, Liam Kazar",Whitehall (nested) with orange Acrolyte
2022-12-07,"Los Angeles, CA",Liam Kazar,Regent Theater,"The New Pornographers, Liam Kazar",Whitehall (nested) with orange Acrolyte
2022-12-08,"Los Angeles, CA",Liam Kazar,Regent Theater,"The New Pornographers, Liam Kazar",Whitehall (nested) with orange Acrolyte
2022-12-10,"Solana Beach, CA",Liam Kazar,Belly Up Tavern,"The New Pornographers, Liam Kazar",Whitehall (nested) with orange Acrolyte
2022-12-11,"Solana Beach, CA",Liam Kazar,Belly Up Tavern,"The New Pornographers, Liam Kazar",Whitehall (nested) with orange Acrolyte
2022-12-13,"Phoenix, AZ",Liam Kazar,Valley Bar,Liam Kazar,Whitehall (nested) with orange Acrolyte
2022-12-14,"Santa Fe, NM",Liam Kazar,Tumbleroot Brewery,Liam Kazar,Whitehall (nested) with orange Acrolyte
2022-12-16,"Austin, TX",Liam Kazar,The Mohawk Indoors,"Liam Kazar, Dorio",Whitehall (nested) with orange Acrolyte
2022-12-17,"Dallas, TX",Liam Kazar,Ruins,"Liam Kazar, Yellow Jones",Whitehall (nested) with orange Acrolyte
2022-12-18,"Oklahoma City, OK",Liam Kazar,Ponyboy,"Liam Kazar, This Coast Bias",Whitehall (nested) with orange Acrolyte
2022-12-19,"Chicago, IL",Alaina Stacey,Constellation,24 Hour Marathon,Constellation C&C backline with orange Acrolyte
2022-12-19,"Chicago, IL",The Blisters,Constellation,24 Hour Marathon,Constellation C&C backline with orange Acrolyte
2022-12-20,"Chicago, IL",Sammy Tweedy and Spencer Tweedy,Constellation,24 Hour Marathon,Constellation C&C backline with orange Acrolyte
2022-12-21,"Chicago, IL",Liam Kazar,Thalia Hall,"Whitney, Liam Kazar",Whitehall (nested) with orange Acrolyte
2022-12-29,"Chicago, IL",Liam Kazar,Hungry Brain,"Liam Kazar, Tasha, Morinda",Red Onyx Slingerland with orange Acrolyte snare
2022-12-30,"Chicago, IL",Liam Kazar,Hungry Brain,"Liam Kazar, Macie Stewart",Red Onyx Slingerland with orange Acrolyte snare
2023-01-04,"Durham, NC",Waxahatchee,Pinhook,"Waxahatchee, Kym Register, Meltdown Rodeo",Joe Westerlund’s drums
2023-02-11,At sea,Courtney Marie Andrews,Norwegian Pearl,Cayamo,Backline
2023-02-14,At sea,Jeff Tweedy,Norwegian Pearl,Cayamo,Backline
2023-02-15,At sea,Brady Blade,Norwegian Pearl,Cayamo,Backline
2023-02-15,At sea,Devon Gilfilian and the Black Opry,Norwegian Pearl,Cayamo,Backline
2023-02-24,"Chicago, IL",Henry True,Schubas,"Free Range, Minor Moon, Henry True",Jack Henry kit
2023-03-01,"Chicago, IL",Lucky Cloud,Empty Bottle,"Jodi, Lucky Cloud, Shoulderbird",Jodi drummer’s kit
2023-03-18,"Chicago, IL",Case Oats,Golden Dagger,"Case Oats, Dusk",Amos’s drums?
2023-03-26,"Chicago, IL",Lucky Cloud,,,
2023-04-01,"Chicago, IL",Henry True,Color Club,"Scout Gillett, The Bascinets, Henry True",One of the other band’s drums
2023-04-14,"Chicago, IL",Cosmic Country Showcase,Sleeping Village,Cosmic Country Showcase feat. Honey Harper,Red Onyx Slingerland with orange Acrolyte snare
2023-04-15,"Milwaukee, WI",Cosmic Country Showcase,Cactus Club,Cosmic Country Showcase feat. Honey Harper,Red Onyx Slingerland with orange Acrolyte snare
2023-04-29,"Chicago, IL",Horizon of Darkness,Metro,"Eleventh Dream Day, Lifeguard, Horizon of Darkness",Red Onyx Slingerland with orange Acrolyte snare
2023-05-07,"Chicago, IL",Lucky Cloud,Gossip Farm,,Jack Henry’s kit with my orange Acrolyte snare
2023-06-01,"Three Oaks, MI",Cosmic Country Showcase,Acorn Theater,Cosmic Country Showcase,Red Onyx Slingerland with orange Acrolyte snare
2023-06-02,"Chicago, IL",Cosmic Country Showcase,Constellation,Cosmic Country Showcase,Red Onyx Slingerland with orange Acrolyte snare
2023-06-09,"Chicago, IL",Sima Cunningham,Hungry Brain,"Sima Cunningham, Hannah Frances",Red Onyx Slingerland with orange Acrolyte snare
2023-06-10,"Chicago, IL",Sima Cunningham,Hungry Brain,"Sima Cunningham, Hannah Frances",Red Onyx Slingerland with orange Acrolyte snare
2023-06-27,"Chicago, IL",Case Oats,Sleeping Village,"Greg Freeman, Case Oats, Hemlock",
2023-06-30,"Chicago, IL",Lucky Cloud,Cole’s Bar,"Bubbles Brown, Elijah Berlow, Lucky Cloud",Bubble Brown’s drummer’s drums
2023-07-01,"Chicago, IL",Sammy Tweedy and Spencer Tweedy,Hungry Brain,Sammy Tweedy and Spencer Tweedy,House kit and Nord Drum
2023-07-05,"Chicago, IL",Henry True,Golden Dagger,"Henry True, Ari Lindo, Elizabeth Moen",Red Onyx Slingerland with orange Acrolyte snare
2023-07-08,"Chicago, IL",Cosmic Country Showcase,Square Roots Festival,Square Roots Festival,Backline with my orange Acrolyte snare
2023-07-09,"Chicago, IL",Henry True,Gossip Farm,"Case Oats, Henry True, Red PK, Lydia cover band",Jack Henry kit
2023-07-10,"Chicago, IL",Cosmic Country Showcase,Carol’s Pub,Alex Grelle and Andrew Sa with Cosmic Country Showcase,Red Onyx Slingerland with orange Acrolyte snare
2023-07-16,"Chicago, IL",Sima Cunningham,Sleeping Village,"Alicia Walter, Carlile, Sima Cunningham",Alicia’s drummer’s drums
2023-07-22,"Chicago, IL",MJ Lenderman,Pitchfork Music Festival,Pitchfork Music Festival,Backline with my orange Acrolyte snare
2023-07-24,"Chicago, IL",Finom,Pritzker Pavilion,"Kurt Vile, Finom",Red Onyx Slingerland with orange Acrolyte snare
2023-08-04,"Ripon, WI",Henry True,Avrom Farm,Avrom Farm Party,Whitehall with orange Acrolyte snare
2023-08-05,"Ripon, WI",Case Oats,Avrom Farm,Avrom Farm Party,Whitehall with orange Acrolyte snare
2023-08-12,"Albany, WI",Aux Thom,Post Farm,Sima & Doriain wedding,Whitehall with Cunningham purple snare
2023-08-18,"Bonner, MT",Waxahatchee,KettleHouse Amphitheater,"Nathaniel Rateliff & The Night Sweats, Waxahatchee",Backline and my orange Acrolyte snare
2023-08-19,"Bonner, MT",Waxahatchee,KettleHouse Amphitheater,"Nathaniel Rateliff & The Night Sweats, Waxahatchee",Backline and my orange Acrolyte snare
2023-08-22,"Morrison, CO",Waxahatchee,Red Rocks Amphitheater,"Nathaniel Rateliff & The Night Sweats, Waxahatchee",Backline and my orange Acrolyte snare
2023-08-23,"Morrison, CO",Waxahatchee,Red Rocks Amphitheater,"Nathaniel Rateliff & The Night Sweats, Waxahatchee",Backline and my orange Acrolyte snare
2023-08-30,"Mount Tremper, NY",Critter Bonus,The Pines,Critter Bonus,The Pines vintage Ludwig? my orange Acrolyte snare
2023-09-03,"Woodstock, NY",Sam Evian and Hannah Cohen,Levon Helm Studios,"Sam Evian, Hannah Cohen","Levon’s Gretsch, my cymbals and orange Acrolyte snare"
2023-09-07,"Raleigh, NC",Sam Evian,Hopscotch Music Festival,Hopscotch Music Festival,Sam’s Rogers kit with my orange Acrolyte snare
2023-09-08,"Atlanta, GA",Sam Evian,The Earl,"Sam Evian, Seafoam Walls",Sam’s Rogers kit with my orange Acrolyte snare
2023-09-09,"Savannah, GA",Sam Evian,El Rocko Lounge,"Sam Evian, two local bands",Sam’s Rogers kit with my orange Acrolyte snare
2023-09-12,"Chattanooga, TN",Sam Evian,Barking Legs Theater,"Sam Evian, Seafoam Walls",Sam’s Rogers kit with my orange Acrolyte snare
2023-09-13,"Nashville, TN",Sam Evian,WNXP Studios,Sam Evian,Sam’s Rogers kit with my orange Acrolyte snare
2023-09-13,"Nashville, TN",Sam Evian,The Blue Room,"Sam Evian, Seafoam Walls",Sam’s Rogers kit with my orange Acrolyte snare
2023-09-14,"Chicago, IL",Liam Kazar,Judson & Moore Distillery,Liam Kazar,Red Onyx Slingerland with orange Acrolyte snare
2023-09-30,"Chicago, IL",Horizon of Darkness,Hideout,"Horizon of Darkness, Hali Palombo, Michael Zerang’s Velvet Bell",Red Onyx Slingerland with WFL snare
2023-10-17,"Austin, TX",Waxahatchee,Devil’s Backbone Tavern,Waxahatchee,Backline Ludwig
2023-10-18,"Chicago, IL",Spencer Tweedy & Lia Kohl,Archive House,Spencer Tweedy & Lia Kohl,Partial Red Onyx Slingerland with orange Acrolyte snare
2023-10-19,"Chicago, IL",Sima Cunningham,Empty Bottle,"Free Range, Sima Cunningham, Hazel City",Jack Henry’s drums with my orange Acrolyte snare
2023-10-26,"Chicago, IL",Case Oats,Hungry Brain,"Casey and Dana Halloween: Case Oats, Free Range, Tootsie, DJ Scary Stevens",Whitehall with orange Acrolyte snare
2023-10-27,"Chicago, IL",Cosmic Country Showcase,Lincoln Hall,Cosmic Country Showcase,Red Onyx Slingerland with orange Acrolyte snare
2023-11-01,"Chicago, IL",Case Oats,Hideout,"Leah Senior, Joanna Samuels, Case Oats (duo)",Casey’s Epiphone Cortez and my/dad’s paisley Music Master with silverface Champ
2023-11-07,"San Diego, CA",Finom,Music Box,"The New Pornographers, Finom","Stephen Buono’s fiberglass Pearl, my orange Acrolyte snare"
2023-11-08,"Los Angeles, CA",Finom,Fonda Theatre,"The New Pornographers, Finom","Stephen Buono’s fiberglass Pearl, my orange Acrolyte snare"
2023-11-09,"San Francisco, CA",Finom,Bimbo’s 365 Club,"The New Pornographers, Finom","Stephen Buono’s fiberglass Pearl, my orange Acrolyte snare"
2023-11-10,"San Francisco, CA",Finom,Bimbo’s 365 Club,"The New Pornographers, Finom","Stephen Buono’s fiberglass Pearl, my orange Acrolyte snare"
2023-11-11,"Sacramento, CA",Finom,Ace of Spades,"The New Pornographers, Finom","Stephen Buono’s fiberglass Pearl, my orange Acrolyte snare"
2023-11-14,"Vancouver, BC",Finom,The Commodore Ballroom,"The New Pornographers, Finom","Stephen Buono’s fiberglass Pearl, my orange Acrolyte snare"
2023-11-15,"Portland, OR",Finom,Revolution Hall,"The New Pornographers, Finom","Stephen Buono’s fiberglass Pearl, my orange Acrolyte snare"
2023-11-16,"Seattle, WA",Finom,Showbox,"The New Pornographers, Finom","Stephen Buono’s fiberglass Pearl, my orange Acrolyte snare"
2023-11-17,"Boise, ID",Finom,Knitting Factory,"The New Pornographers, Finom","Stephen Buono’s fiberglass Pearl, my orange Acrolyte snare"
2023-11-18,"Salt Lake City, UT",Finom,Commonwealth,"The New Pornographers, Finom","Stephen Buono’s fiberglass Pearl, my orange Acrolyte snare"
2023-12-04,"Riviera Maya, Mexico",Jeff Tweedy,Sky Blue Sky,Sky Blue Sky,C&C backline with my cymbals
2023-12-05,"Riviera Maya, Mexico",Waxahatchee,Sky Blue Sky,Sky Blue Sky,Backline with my cymbals
2023-12-17,"Chicago, IL",Spencer and Sammy Tweedy,Emanuel Congregation,Songs for Peace,Black Martin acoustic guitar
2024-01-10,"Chicago, IL",Lucky Cloud,Schubas,"Half Gringa, Lucky Cloud","Quin Kirchner’s drums, my orange Acrolyte and cymbals"
2024-01-25,"Milwaukee, WI",Cosmic Country Showcase,Cactus Club,Cosmic Country Showcase,"Red Onyx Slingerland, orange Acrolyte snare"
2024-01-26,"Chicago, IL",Cosmic Country Showcase,Sleeping Village,Cosmic Country Showcase,"Red Onyx Slingerland, orange Acrolyte snare"
2024-03-06,"Tokyo, Japan",Finom,Ex Theater Rippongi,"Wilco, Finom","Backline black Yamaha Maple Custom, my cymbals"
2024-03-07,"Tokyo, Japan",Finom,Zepp Haneda,"Wilco, Finom","Backline black Yamaha Maple Custom, my cymbals"
2024-03-08,"Osaka, Japan",Finom,Hatch,"Wilco, Finom","Backline black Yamaha Maple Custom, my cymbals"
2024-03-09,"Kyoto, Japan",Finom,UrBANGUILD,"Finom, Eucademix (Yuka C Honda), Quarru","Venue black Pearl, my cymbals"
2024-03-22,"Chicago, IL",Waxahatchee,Empty Bottle,"Waxahatchee, Liam Kazar","Red Onyx Slingerland, I think C&C abalone snare?"
2024-03-22,"Chicago, IL",Liam Kazar,Empty Bottle,"Waxahatchee, Liam Kazar","Red Onyx Slingerland, I think C&C abalone snare?"
2024-03-24,"Knoxville, TN",Finom,Big Ears Festival,Big Ears Festival,Backline with my cymbals and one of my snares
2024-03-26,"New York, NY",Waxahatchee,The Late Show with Stephen Colbert,,Backline with my cymbals and my C&C abalone snare
2024-03-27,"New York, NY",Waxahatchee,SiriusXM,,Backline with my cymbals and my C&C abalone snare
2024-03-28,"New York, NY",Liam Kazar,Union Pool,"Liam Kazar, Katie Von Schleicher",Backline with my cymbals and my C&C abalone snare
2024-03-28,"Philadelphia, PA",Waxahatchee,World Cafe,,Backline with my cymbals and my C&C abalone snare
2024-03-31,"Chicago, IL",Henry True,Sleeping Village,"Patrick Jasper, Henry True, Adelaide",Andy Danstrom’s blue sparkle Rogers with my cymbals and C&C abalone snare
2024-04-07,"Chicago, IL",Liam Kazar,Hideout,"Liam Kazar, Sarah Weddle (duo)",Red Onyx Slingerland with abalone snare
2024-04-08,"Chicago, IL",Liam Kazar,Hideout,"Liam Kazar, Sarah Weddle (duo)",Red Onyx Slingerland with abalone snare
2024-04-10,"Milwaukee, WI",Finom,Cactus Club,"Finom, VV Lightbody, Ellie Jackson",Red Onyx Slingerland with abalone snare
2024-04-11,"Minneapolis, MN",Finom,Icehouse,"Finom, VV Lightbody, Holly Hansen",Red Onyx Slingerland with abalone snare
2024-04-12,"Northfield, MN",Finom,The Cave at Carleton College,"Finom, Work Wife",Backline with my cymbals and my C&C abalone snare
2024-04-18,"Kansas City, MO",Waxahatchee,Uptown Theater,"Waxahatchee, Good Morning",Red Onyx Slingerland with abalone snare
2024-04-19,"St Paul, MN",Waxahatchee,Palace Theatre,"Waxahatchee, Good Morning",Red Onyx Slingerland with abalone snare
2024-04-20,"Chicago, IL",Waxahatchee,Salt Shed,"Waxahatchee, Good Morning",Red Onyx Slingerland with abalone snare
2024-04-21,"Detroit, MI",Waxahatchee,Majestic Theatre,"Waxahatchee, Good Morning",Red Onyx Slingerland with abalone snare
2024-04-23,"Toronto, ON",Waxahatchee,Massey Hall,"Waxahatchee, Good Morning",Red Onyx Slingerland with abalone snare
2024-04-25,"New Haven, CT",Waxahatchee,Toad’s Place,"Waxahatchee, Good Morning",Red Onyx Slingerland with abalone snare
2024-04-26,"Boston, MA",Waxahatchee,Orpheum Theatre,"Waxahatchee, Good Morning",Red Onyx Slingerland with abalone snare
2024-04-27,"New York, NY",Waxahatchee,Brooklyn Paramount Theatre,"Waxahatchee, Good Morning",Red Onyx Slingerland with abalone snare
2024-04-28,"Richmond, VA",Waxahatchee,The National,"Waxahatchee, Good Morning",Red Onyx Slingerland with abalone snare
2024-04-30,"Asheville, NC",Waxahatchee,The Orange Peel,"Waxahatchee, Good Morning",Red Onyx Slingerland with abalone snare
2024-05-01,"Nashville, TN",Waxahatchee,Ryman Auditorium,"Waxahatchee, Good Morning",Red Onyx Slingerland with abalone snare
2024-05-03,"St Petersburg, FL",Waxahatchee,Jannus Live,"Waxahatchee, Good Morning",Red Onyx Slingerland with abalone snare
2024-05-04,"Orlando, FL",Waxahatchee,Beacham Theater,"Waxahatchee, Good Morning",Red Onyx Slingerland with abalone snare
2024-05-05,"Atlanta, GA",Waxahatchee,Shaky Knees Festival,Shaky Knees Festival,Red Onyx Slingerland with abalone snare
2024-05-06,"Birmingham, AL",Waxahatchee,Lyric Theatre,"Waxahatchee, Good Morning",Red Onyx Slingerland with abalone snare
2024-05-08,"Tulsa, OK",Waxahatchee,Cain’s Ballroom,"Waxahatchee, Good Morning",Red Onyx Slingerland with abalone snare
2024-05-09,"Fort Worth, TX",Waxahatchee,Tannahill’s Tavern & Music Hall,"Waxahatchee, Good Morning",Red Onyx Slingerland with abalone snare
2024-05-10,"Houston, TX",Waxahatchee,The Heights Theater,"Waxahatchee, Good Morning",Red Onyx Slingerland with abalone snare
2024-05-11,"Austin, TX",Waxahatchee,ACL Live at the Moody Theater,"Waxahatchee, Good Morning",Red Onyx Slingerland with abalone snare
2024-05-13,"Phoenix, AZ",Waxahatchee,The Van Buren,"Waxahatchee, Good Morning",Red Onyx Slingerland with abalone snare
2024-05-14,"San Diego, CA",Waxahatchee,The Observatory North Park,"Waxahatchee, Good Morning",Red Onyx Slingerland with abalone snare
2024-05-16,"Los Angeles, CA",Waxahatchee,Hollywood Palladium,"Waxahatchee, Good Morning",Red Onyx Slingerland with abalone snare
2024-05-17,"Paso Robles, CA",Waxahatchee,Barrelhouse Brewing Company,"Waxahatchee, Good Morning",Red Onyx Slingerland with abalone snare
2024-05-18,"Oakland, CA",Waxahatchee,Fox Theater,"Waxahatchee, Good Morning",Red Onyx Slingerland with abalone snare
2024-05-21,"Salt Lake City, UT",Waxahatchee,The Depot,"Waxahatchee, Good Morning",Red Onyx Slingerland with abalone snare
2024-05-23,"Denver, CO",Waxahatchee,Mission Ballroom,"Waxahatchee, Good Morning",Red Onyx Slingerland with abalone snare
2024-05-24,"Chicago, IL",Finom,The Hideout,,Rootbeer Gretsch
2024-05-25,"Chicago, IL",Finom,Shuga Records,Finom,Rootbeer Gretsch
2024-05-31,"New York, NY",Finom,Sultan Room,,
2024-06-02,"Chicago, IL",Case Oats,The Hideout,,
2024-06-05,"Los Angeles, CA",Finom,Zebulon,,
2024-06-09,"Chicago, IL",Finom,Midsommar Festival,Midsommar Festival,
2024-06-28,"North Adams, MA",Ten Oh Ten (Sammy & Spencer),Mass MoCA,Solid Sound,
2024-06-28,"North Adams, MA",Case Oats,Mass MoCA,Solid Sound,
2024-06-30,"North Adams, MA",Jeff Tweedy,Mass MoCA,Solid Sound,
2024-07-09,"London, UK",Waxahatchee,BBC,,
2024-07-11,"Amsterdam, NL",Waxahatchee,Paradiso,"Waxahatchee, Anna St Louis",
2024-07-12,"Koln, DE",Waxahatchee,Gebäude 9,"Waxahatchee, Anna St Louis",
2024-07-13,"Hamburg, DE",Waxahatchee,Mojo Club,"Waxahatchee, Anna St Louis",
2024-07-14,"Bruges, BE",Waxahatchee,Cactusfestival,Cactusfestival,
2024-07-15,"Berlin, DE",Waxahatchee,Lido,"Waxahatchee, Anna St Louis",
2024-07-17,"Schorndorf, DE",Waxahatchee,Club Manufaktur,"Waxahatchee, Anna St Louis",
2024-07-18,"Feldkirch, AT",Waxahatchee,Poolbar Festival,Poolbar Festival,
2024-07-19,"Sittersdorf, AT",Waxahatchee,Acoustic Lakeside Festival,Acoustic Lakeside Festival,
2024-07-21,"Zurich, CH",Waxahatchee,Bogen F,"Waxahatchee, Anna St Louis",
2024-07-22,"Paris, FR",Waxahatchee,La Maroquinerie,"Waxahatchee, Anna St Louis",
2024-07-24,"Brighton, UK",Waxahatchee,Chalk,"Waxahatchee, Anna St Louis",
2024-07-25,"London, UK",Waxahatchee,O2 Forum Kentish Town,"Waxahatchee, Anna St Louis",
2024-07-26,"Southwold, UK",Waxahatchee,Latitude Festival,Latitude Festival,
2024-07-27,"Manchester, UK",Waxahatchee,New Century,"Waxahatchee, Anna St Louis",
2024-07-29,"Leeds, UK",Waxahatchee,Leeds Irish Centre,"Waxahatchee, Anna St Louis",
2024-07-30,"Glasgow, UK",Waxahatchee,Queen Margaret Union,"Waxahatchee, Anna St Louis",
2024-07-31,"Belfast, UK",Waxahatchee,Belfast Empire Music Hall,"Waxahatchee, Anna St Louis",
2024-08-01,"Dublin, IE",Waxahatchee,Vicar Street,"Waxahatchee, Anna St Louis",
2024-08-03,"Albany, WI",Finom,Post Farm,Postock,
2024-08-03,"Albany, WI",Charlotte Cornfield,Post Farm,Postock,
2024-08-03,"Albany, WI",Aux Thom,Post Farm,Postock,
2024-08-04,"Albany, WI",Sima Cunningham,Post Farm,Postock,
2024-08-04,"Albany, WI",Al Scorch,Post Farm,Postock,
2024-08-14,"Los Angeles, CA",Waxahatchee,Jimmy Kimmel Live,,
2024-08-16,"Vancouver, BC",Waxahatchee,Orpheum Theatre,"Waxahatchee, Woods",
2024-08-17,"Portland, OR",Waxahatchee,Pioneer Courthouse Square,"Waxahatchee, Woods, Toody Cole",
2024-08-18,"Seattle, WA",Waxahatchee,Woodland Park Zoo Amphitheater,"Waxahatchee, Woods",
2024-08-19,"Boise, ID",Waxahatchee,Treefort Music Hall,"Waxahatchee, Tre Burt",
2024-08-21,"Fort Collins, CO",Waxahatchee,Washington's,"Waxahatchee, Tre Burt",
2024-08-23,"St Louis, MO",Waxahatchee,The Pageant,"Waxahatchee, Tre Burt",
2024-08-24,"Madison, WI",Waxahatchee,The Sylvee,"Waxahatchee, Tre Burt",
2024-08-25,"Kalamazoo, MI",Waxahatchee,Bell's Beer Garden,"Waxahatchee, Tre Burt",
2024-08-26,"Pittsburgh, PA",Waxahatchee,The Warhol at Carnegie Music Hall,"Waxahatchee, Tre Burt",
2024-08-28,"New York, NY",Waxahatchee,Beacon Theatre,"Waxahatchee, Woods",
2024-08-29,"South Deerfield, MA",Waxahatchee,Tree House Summer Stage,"Waxahatchee, Snail Mail, Tim Heidecker",
2024-08-30,"Portland, ME",Waxahatchee,State Theater,"Waxahatchee, Snail Mail, Tim Heidecker",
2024-08-31,"Accord, NY",Waxahatchee,Arrowood Farms,"Waxahatchee, Snail Mail, Tim Heidecker",
2024-09-01,"Asbury Park, NJ",Waxahatchee,Stone Pony Summerstage,"Waxahatchee, Snail Mail, Tim Heidecker",
2024-09-04,"Charlotesville, VA",Waxahatchee,Ting Pavilion,"Waxahatchee, Snail Mail, Tim Heidecker",
2024-09-05,"Raleigh, NC",Waxahatchee,Hopscotch Music Festival,Hopscotch Music Festival,
2024-09-06,"Vienna, VA",Waxahatchee,Filene Center at Wolf Trap,"Waxahatchee, Snail Mail, Tim Heidecker",
2024-09-07,"Philadelphia, PA",Waxahatchee,The Fillmore,"Waxahatchee, Snail Mail, Gladie",
2024-09-08,"Philadelphia, PA",Waxahatchee,The Fillmore,"Waxahatchee, Tim Heidecker",
2024-09-10,"New York, NY",Waxahatchee,CBS This Morning,,
2024-09-13,"Chicago, IL",Lucky Cloud,Gman Tavern,"Lake James, Lucky Cloud",
2024-09-19,"Nashville, TN",Waxahatchee,Americana Fest (ANTI- Showcase),"Neko Case, Waxahatchee, Madi Diaz, MJ Lenderman, Christian Lee Hutson, Leyla McCalla",
2024-09-19,"Nashville, TN",MJ Lenderman,Americana Fest (ANTI- Showcase),"Neko Case, Waxahatchee, Madi Diaz, MJ Lenderman, Christian Lee Hutson, Leyla McCalla",
2024-09-21,"Chicago, IL",Waxahatchee,Riot Fest,Riot Fest,
2024-10-04,"Chicago, IL",Case Oats,Apricot Vintage,"Lucky Cloud, Case Oats (duo)",
2024-10-10,"Chicago, IL",Liam Kazar,Judson & Moore Distillery,Liam Kazar,
2024-10-12,"Chicago, IL",Spencer and Sammy Tweedy,Emanuel Congregation,Yom Kippur services!,
2024-10-13,"Union Pier, MI",Vinyl DJ set,Out There,DJ Case Oats and Spencer Tweedy,
2024-10-17,"Chicago, IL",Henry True,Color Club,"Katie Malco, Henry True",
2024-10-21,"REDACTED",Waxahatchee,REDACTED
2024-10-22,"Philadelphia, PA",Waxahatchee,Ardmore Music Hall,"Philly Music Fest"
2024-10-24,"Chicago, IL",Cosmic Country Showcase,Color Club
2024-10-25,"Chicago, IL",Cosmic Country Showcase,Color Club
2024-10-26,"Chicago, IL",Cosmic Country Showcase,Color Club
2024-10-24,"Milwaukee, WI",Cosmic Country Showcase,Cactus Club
2024-10-30,"Chicago, IL",Lucky Cloud,Gman Tavern,"Lucky Cloud, Zach Morp"
2024-10-31,"Chicago, IL",Case Oats,Hungry Brain,"Case Oats, Liam Kazar, TV Buddha, DJ Scary Stevens"
2024-11-02,"Chicago, IL",Finom,Metro,"Finom, Cabeza De Chivo"
2024-11-06,"Detroit, MI",Finom,Lager House,"Finom, Meg Elsier"
2024-11-07,"Toronto, Canada",Finom,Baby G,"Finom, Meg Elsier, Beams"
2024-11-08,"Montreal, Canada",Finom,Cabaret Foufs,"Finom, Meg Elsier"
2024-11-09,"Burlington, VT",Finom,Radio Bean,"Finom, Meg Elsier"
2024-11-11,"Boston, MA",Finom,The Rockwell,"Finom, Meg Elsier"
2024-11-13,"Philadelphia, PA",Finom,Johnny Brenda's,"Finom, Meg Elsier"
2024-11-14,"Brooklyn, NY",Finom,Baby's All Right,"Finom, Meg Elsier, Work Wife"
2024-11-15,"Pittsburgh, PA",Finom,Club Cafe,"Finom, Meg Elsier"
2024-11-23,"Chicago, IL",Jeff Tweedy,Letters to Santa,"Letters to Santa 2024"
2024-11-29,"Perth, Australia",Waxahatchee,Astor Theatre,"","",https://link.seated.com/f7518b23-9528-4783-8c1a-21b1c82cb62d
2024-12-01,"Brisbane City, Australia",Waxahatchee,The Tivoli,"","",https://link.seated.com/ffe948c9-cdf6-4705-87e1-427fe00ac6c5
2024-12-02,"Sydney, Australia",Waxahatchee,Sydney Opera House,"","",https://link.seated.com/f01e0940-287e-4b32-a4c8-d45a5ef3f487
2024-12-04,"Melbourne, Australia",Waxahatchee,Corner Hotel,"Waxahatchee, Good Morning","",https://link.seated.com/4352686e-52c1-4303-9599-c6f6f05439e6
2024-12-05,"Melbourne, Australia",Waxahatchee,The Forum,"","",https://link.seated.com/aa021de0-fbf7-4a68-84f8-ec408f342f81
2024-12-06,"Meredith, Australia",Waxahatchee,Meredith Music Festival,"Meredith Music Festival","",https://link.seated.com/54c0d600-fcb3-4373-99d7-d9d982e74357
2024-12-08,"Hobart, Australia",Waxahatchee,Odeon Theatre,"","",https://link.seated.com/dae57c0c-31d8-4ede-859d-e7f00a8c5f27
2024-12-13,"Chicago, IL",Sima Cunningham,Constellation,"Sima Cunningham, Max Subar","",https://www.seetickets.us/event/sima-cunningham-high-roller-album-release-wmax-subar/618581
2024-12-14,"Chicago, IL",Liam Kazar,Thalia Hall,"Neal Francis, Liam Kazar","",https://www.ticketweb.com/event/sold-out-neal-francis-with-thalia-hall-tickets/13821523
2025-01-04,"Los Angeles, CA","Sweet Sixteen with Katie Crutchfield, D'Arcy Carden and Allison Crutchfield","Largo at the Coronet","Katie Crutchfield, D'Arcy Carden, Allison Crutchfield, and guests","",https://wl.seetickets.us/event/sweet-sixteen-with-katie-crutchfield-darcy-carden/631250?afflky=LargoAtTheCoronet
2025-02-08,"Chicago, IL",Liam Kazar,Fitzgeralds,"Liam Kazar","",https://www.fitzgeraldsnightclub.com/tm-event/liam-kazar-returns-to-fitzgeralds-nightclub/
2025-02-21,"Chicago, IL",Sima Cunningham,Robert's Westside,"Sima Cunningham, VV Lightbody and Minor Moon duo","",https://robertswestside.com/listing/sima-cunninghams-residency-roberts-westside/
2025-02-24,"New York, NY",Waxahatchee,The Tonight Show Starring Jimmy Fallon,"The Tonight Show","",""
2025-03-05,"At sea",Jeff Tweedy,Cayamo Cruise,"Cayamo Cruise","",https://www.cayamo.com/
2025-03-11,"Austin, TX",Case Oats,Antone's,"High Road Touring Showcase","",https://www.highroadtouring.com/high-road-2025-sxsw-showcase-tuesday-march-11th-at-antones/
2025-03-12,"Austin, TX",Liam Kazar,The Long Time,"Kevin Morby and his Sandlot All-Stars","",https://www.eventbrite.com/e/kevin-morby-and-his-sandlot-all-stars-tickets-1205496044119
2025-03-12,"Austin TX",Kevin Morby,The Long Time,"Kevin Morby and his Sandlot All-Stars","",https://www.eventbrite.com/e/kevin-morby-and-his-sandlot-all-stars-tickets-1205496044119
2025-03-13,"Austin, TX",Case Oats,YETI Flagship Store,"YETI Music Showcase","",https://www.bmi.com/events/entry/591886
2025-03-13,"Spicewood, TX",Waxahatchee,Luck Reunion,"Waxahatchee, Lucinda Williams, and special guests","",https://link.seated.com/71628ce0-a50f-4b31-be7b-954bdc613e95
2025-03-14,"Austin, TX",Case Oats,Hotel San José,"South By San José","",https://www.bunkhousehotels.com/hotel-san-jose/events/south-by-san-jose
2025-03-14,"Spicewood, TX",Waxahatchee,Luck Reunion,"Waxahatchee, Lucinda Williams, and special guests","",https://link.seated.com/71628ce0-a50f-4b31-be7b-954bdc613e95
2025-03-15,"Austin, TX",Case Oats,The Swan Dive,"Line of Best Fit Showcase","",https://www.thelineofbestfit.com/news/best-fit-sxsw-2025-showcase-lineup-yhwh-nailgun-jasmine-4-t-man-woman-chainsaw
2025-03-21,"Chicago, IL",Sima Cunningham,Robert's Westside,"Sima Cunningham, Judson Claiborne","",https://robertswestside.com/listing/sima-cunninghams-residency-roberts-westside/
2025-04-05,"Chicago, IL",Lucky Cloud,Schubas,"Lucky Cloud, Lake J, Shoulderbird","",https://lh-st.com/shows/04-05-2025-lucky-cloud/
2025-04-06,"Milwaukee, WI",Lucky Cloud,Cactus Club,"Nona Invie, Lucky Cloud, Ellie Jackson","",https://www.cactusclubmilwaukee.com/events/41665/
2025-04-12,"Charleston, WV",Jeff Tweedy,Culture Center Theater,"WV Hall of Fame Induction","",https://www.wvmusichalloffame.com/10thCeremony.html
2025-04-13,"Charleston, WV",Jeff Tweedy,Mountain Stage,"Mountain Stage","",https://www.eventbrite.com/e/jeff-tweedy-johnnyswim-olivia-ellen-lloyd-and-more-on-mountain-stage-tickets-1200252410269?aff=Tweedy
2025-04-26,"Tallahassee, FL",Waxahatchee,The Adderley Amphitheater,"Wilco, Waxahatchee","",https://link.seated.com/a4ab1662-b10c-4cd0-ad08-c484c75f5319
2025-04-27,"Charleston, SC",Waxahatchee,High Water Festival,"High Water Festival","",https://link.seated.com/168d7996-52fc-4ce9-9333-779f18afd3ae
2025-04-29,"Miami Beach, FL",Waxahatchee,The Fillmore Miami Beach,"Wilco, Waxahatchee","",https://link.seated.com/28c4a54f-0379-457b-ba83-5e9c7827a056
2025-04-30,"St. Augustine, FL",Waxahatchee,The St. Augustine Amphitheatre,"Wilco, Waxahatchee","",https://link.seated.com/62acbc55-99b5-4a01-8477-556c6edd09ae
2025-05-03,"New Orleans, LA",Waxahatchee,Saenger Theatre,"Wilco, Waxahatchee","",https://link.seated.com/c3a26b22-cc47-4d80-8106-4f401643b60b
2025-05-04,"Houston, TX",Waxahatchee,White Oak Music Hall (Lawn),"Wilco, Waxahatchee","",https://link.seated.com/40c8c469-04b0-4d73-b5f6-0de4a5bf9f62
2025-05-06,"San Antonio, TX",Waxahatchee,The Espee,"Wilco, Waxahatchee","",https://link.seated.com/25fe0147-6979-4d63-aa06-04a5488110dc
2025-05-07,"Irving, TX",Waxahatchee,The Pavilion at Toyota Music Factory,"Wilco, Waxahatchee","",https://link.seated.com/edd3d2fb-6e92-4602-854d-7cc3c9f3e466
2025-05-09,"Nashville, TN",Waxahatchee,The Pinnacle,"Wilco, Waxahatchee","",https://link.seated.com/d24a5f22-acb1-4ab0-b6ec-ed1ed3f1bfab
2025-05-10,"Atlanta, GA",Waxahatchee,Cadence Bank Amphitheatre at Chastain Park,"Wilco, Waxahatchee","",https://link.seated.com/a41d81bc-47f5-4bff-9528-aeead3578a14
2025-05-11,"Chattanooga, TN",Waxahatchee,Soldiers and Sailors Memorial Auditorium,"Wilco, Waxahatchee","",https://link.seated.com/26347d80-8579-4a13-8af9-4ebeaf93e94a
2025-05-12,"Birmingham, AL",Waxahatchee,Avondale Brewing Company,"Wilco, Waxahatchee","",https://link.seated.com/50f55575-79c8-48a8-b345-a6c87449a9ed
2025-05-13,"Wilmington, NC",Waxahatchee,Live Oak Bank Pavilion,"Wilco, Waxahatchee","",https://link.seated.com/2a5dd6a7-9fcb-4e70-8745-758f9490d628
2025-05-14,"Durham, NC",Waxahatchee,Durham Performing Arts Center,"Waxahatchee, Cameron Winter","",https://link.seated.com/cfd95667-a8cc-44ab-91c7-f2ba2cce1af1
2025-05-15,"Charlotte, NC",Waxahatchee,The Amp Ballantyne,"Wilco, Waxahatchee","",https://link.seated.com/01c2f4f1-b48c-4150-93e7-1dc39eac0bf3
2025-05-16,"Asheville, NC",Waxahatchee,Asheville Yards Amphitheater,"Wilco, Waxahatchee","",https://link.seated.com/6d047934-bb00-4da5-89ea-60fe1f85c24f
2025-06-01,"Denver, CO",Waxahatchee,Outside Festival,"Outside Festival","",https://link.seated.com/27b52c37-d75f-4188-bd70-a8e8bc578a13
2025-06-06,"Barcelona, Spain",Waxahatchee,Primavera Sound,"Primavera Sound","",https://link.seated.com/b924a8d7-2adc-4aca-b4ea-4786a43640fb
2025-06-08,"Glasgow, Scotland",Waxahatchee,Barrowland Ballroom,"","",https://link.seated.com/dd4f4cf6-9758-4719-9a22-291cd748f320
2025-06-09,"Manchester, UK",Waxahatchee,Albert Hall,"","",https://link.seated.com/79ddf447-f61b-4a55-bac2-7610352c03a5
2025-06-10,"Bristol, UK",Waxahatchee,SWX,"","",https://link.seated.com/a35ec586-259a-4d33-a400-b0922dcd8a6d
2025-06-11,"London, UK",Waxahatchee,Hammersmith Apollo,"","",https://link.seated.com/0509024a-e14e-4424-b85c-91cf7c02c421
2025-06-13,"Porto, Portugal",Waxahatchee,Primavera Porto,"Primavera Porto","",https://link.seated.com/018f3cbd-1c45-4b2c-afd4-3c05751ff661
2025-06-15,"Hilvarenbeek, Netherlands",Waxahatchee,Best Kept Secret Festival,"Best Kept Secret Festival","",https://link.seated.com/61f5d0ee-7126-4aba-8abe-008b4a2ec486
2025-06-20,"Greenfield, MA",Waxahatchee,Green River Festival,"Green River Festival","",https://link.seated.com/2d18cddf-e2ca-4e05-92e9-2a0893af7aac
2025-06-21,"Lafayette, NY",Waxahatchee,Beak & Skiff Apple Orchards,"Waxahatchee, MJ Lenderman, Hurray For The Riff Raff","",https://link.seated.com/d5811faf-e28b-4cd3-8d58-1d4d25406e37
2025-06-22,"Greenfield, MA",Waxahatchee,Green River Festival,"Green River Festival","",https://link.seated.com/2d18cddf-e2ca-4e05-92e9-2a0893af7aac
2025-06-23,"Shelburne, VT",Waxahatchee,The Green at Shelburne Museum,"Waxahatchee, Kevin Morby","",https://link.seated.com/b70601c5-5710-4b77-b131-e62a5a1564cc
2025-07-26,"Newport, RI",Waxahatchee,Newport Folk Festival,"Newport Folk Festival","",https://link.seated.com/3f231569-c994-4fca-90db-0d5e378cb958
2025-07-29,"Columbia, MD",Waxahatchee,Merriweather Post Pavilion,"Lord Huron, Waxahatchee","",https://link.seated.com/a8952174-7e0a-403b-b64e-4cdf1d601e5a
2025-07-30,"New York, NY",Waxahatchee,Madison Square Garden,"Lord Huron, Waxahatchee","",https://link.seated.com/4359d8ff-b3dc-4a41-a282-b06bbaefee93
2025-08-08,"Jacksonville, OR",Waxahatchee,Britt Festival Pavilion,"Waxahatchee, Foxwarren","",https://link.seated.com/919d4b86-88c7-4e37-bc95-4d6d5bce553a
2025-08-09,"Portland, OR",Waxahatchee,Pioneer Courthouse Square,"Waxahatchee, Foxwarren","",https://link.seated.com/fa403b4e-09e7-48d1-b1a5-b6d0ba856928
2025-08-10,"Seattle, WA",Waxahatchee,Woodland Park Zoo,"Waxahatchee, Foxwarren","",https://link.seated.com/3f680a56-cfb6-4586-aaa4-4ffdb0e24619
2025-09-05,"Bangor, ME",Waxahatchee,Maine Savings Amphitheater,"Willie Nelson, Bob Dylan, Sheryl Crow, Waxahatchee, and Madeline Edwards","",https://link.seated.com/a929b99c-b668-4cf0-818b-112103c0f57a
2025-09-06,"Hartford, CT",Waxahatchee,Xfinity Theatre,"Willie Nelson, Bob Dylan, Sheryl Crow, Waxahatchee, and Madeline Edwards","",https://link.seated.com/deb5c055-43f7-4fbc-98da-7ea8db28f615
2025-09-07,"Mansfield, MA",Waxahatchee,Xfinity Center,"Willie Nelson, Bob Dylan, Sheryl Crow, Waxahatchee, and Madeline Edwards","",https://link.seated.com/011f8954-4fd5-4301-8bd8-d84f695a6596
2025-09-11,"Louisville, KY",Waxahatchee,Bourbon & Beyond Festival,"Bourbon & Beyond Festival","",https://link.seated.com/4b09d5f4-cc91-4c26-a410-604dd17eab6f
2025-09-12,"Camden, NJ",Waxahatchee,Freedom Mortgage Pavilion,"Willie Nelson, Bob Dylan, Sheryl Crow, Waxahatchee, and Madeline Edwards","",https://link.seated.com/5ff388ff-49ff-4d09-b8a6-83797527ed94
2025-09-13,"Holmdel, NJ",Waxahatchee,PNC Bank Arts Center,"Willie Nelson, Bob Dylan, Sheryl Crow, Waxahatchee, and Madeline Edwards","",https://link.seated.com/c03890b5-df09-44b8-8171-541fc5f027ee
2025-09-19,"East Troy, WI",Waxahatchee,Alpine Valley Music Theatre,"Willie Nelson, Bob Dylan, Sheryl Crow, Waxahatchee, and Madeline Edwards","",https://link.seated.com/0f02858e-533b-403c-9022-b594bb107d1f
